,precision,recall,f1-score,support
No Rentable,0.9848484848484849,0.9789156626506024,0.9818731117824774,332.0
Rentable,0.9513888888888888,0.9647887323943662,0.958041958041958,142.0
accuracy,0.9746835443037974,0.9746835443037974,0.9746835443037974,0.9746835443037974
macro avg,0.9681186868686869,0.9718521975224843,0.9699575349122177,474.0
weighted avg,0.9748247240335849,0.9746835443037974,0.9747338209994525,474.0
