,precision,recall,f1-score,support
No Rentable,0.7126436781609196,0.7469879518072289,0.7294117647058823,332.0
Rentable,0.3333333333333333,0.29577464788732394,0.31343283582089554,142.0
accuracy,0.6118143459915611,0.6118143459915611,0.6118143459915611,0.6118143459915611
macro avg,0.5229885057471264,0.5213812998472764,0.5214223002633889,474.0
weighted avg,0.5990106212716426,0.6118143459915611,0.6047936045757808,474.0
